INSERT INTO WAITER (WAITER_ID, WAITER_NAME, WAITER_PHONE_NUMBER, WAITER_DATE_OF_BIRTH) VALUES(1, 'Ahmet Ozturk', '0501-234-56-78', TO_DATE('01/15/1990', 'MM/DD/YYYY'));
INSERT INTO WAITER (WAITER_ID, WAITER_NAME, WAITER_PHONE_NUMBER, WAITER_DATE_OF_BIRTH) VALUES(2, 'Ayse Kaya', '0509-876-54-32', TO_DATE('02/28/1991', 'MM/DD/YYYY'));
INSERT INTO WAITER (WAITER_ID, WAITER_NAME, WAITER_PHONE_NUMBER, WAITER_DATE_OF_BIRTH) VALUES(3, 'Mehmet Ali', '0501-111-11-11', TO_DATE('03/01/1992', 'MM/DD/YYYY'));
INSERT INTO WAITER (WAITER_ID, WAITER_NAME, WAITER_PHONE_NUMBER, WAITER_DATE_OF_BIRTH) VALUES(4, 'Emine Gul', '0502-222-22-22', TO_DATE('04/15/1993', 'MM/DD/YYYY'));
INSERT INTO WAITER (WAITER_ID, WAITER_NAME, WAITER_PHONE_NUMBER, WAITER_DATE_OF_BIRTH) VALUES(5, 'Fatma Ozdemir', '0503-333-33-33', TO_DATE('05/01/1994', 'MM/DD/YYYY'));
INSERT INTO WAITER (WAITER_ID, WAITER_NAME, WAITER_PHONE_NUMBER, WAITER_DATE_OF_BIRTH) VALUES(6, 'Mustafa Yilmaz', '0504-444-44-44', TO_DATE('06/15/1995', 'MM/DD/YYYY'));
INSERT INTO WAITER (WAITER_ID, WAITER_NAME, WAITER_PHONE_NUMBER, WAITER_DATE_OF_BIRTH) VALUES(7, 'Zeynep Cetin', '0505-555-55-55', TO_DATE('07/01/1996', 'MM/DD/YYYY'));
INSERT INTO WAITER (WAITER_ID, WAITER_NAME, WAITER_PHONE_NUMBER, WAITER_DATE_OF_BIRTH) VALUES(8, 'Osman Kose', '0506-666-66-66', TO_DATE('08/15/1997', 'MM/DD/YYYY'));
INSERT INTO WAITER (WAITER_ID, WAITER_NAME, WAITER_PHONE_NUMBER, WAITER_DATE_OF_BIRTH) VALUES(9, 'Gulsah Aktas', '0507-777-77-77', TO_DATE('09/01/1998', 'MM/DD/YYYY'));
INSERT INTO WAITER (WAITER_ID, WAITER_NAME, WAITER_PHONE_NUMBER, WAITER_DATE_OF_BIRTH) VALUES(10, 'Huseyin Ozkan', '0508-888-88-88', TO_DATE('10/15/1999', 'MM/DD/YYYY'));
INSERT INTO WAITER (WAITER_ID, WAITER_NAME, WAITER_PHONE_NUMBER, WAITER_DATE_OF_BIRTH) VALUES(11, 'Ipek Kaya', '0509-999-99-99', TO_DATE('11/01/1990', 'MM/DD/YYYY'));
INSERT INTO WAITER (WAITER_ID, WAITER_NAME, WAITER_PHONE_NUMBER, WAITER_DATE_OF_BIRTH) VALUES(12, 'Ahmet Yasar', '0501-234-56-79', TO_DATE('12/15/1991', 'MM/DD/YYYY'));
INSERT INTO WAITER (WAITER_ID, WAITER_NAME, WAITER_PHONE_NUMBER, WAITER_DATE_OF_BIRTH) VALUES(13, 'Ayse Ozturk', '0509-876-54-31', TO_DATE('01/28/1992', 'MM/DD/YYYY'));
INSERT INTO WAITER (WAITER_ID, WAITER_NAME, WAITER_PHONE_NUMBER, WAITER_DATE_OF_BIRTH) VALUES(14, 'Mehmet Kaya', '0501-111-11-10', TO_DATE('02/01/1993', 'MM/DD/YYYY'));
INSERT INTO WAITER (WAITER_ID, WAITER_NAME, WAITER_PHONE_NUMBER, WAITER_DATE_OF_BIRTH) VALUES(15, 'Emine Yilmaz', '0502-222-22-21', TO_DATE('03/15/1994', 'MM/DD/YYYY'));
INSERT INTO WAITER (WAITER_ID, WAITER_NAME, WAITER_PHONE_NUMBER, WAITER_DATE_OF_BIRTH) VALUES(16, 'Fatma Gul', '0503-333-33-32', TO_DATE('04/01/1995', 'MM/DD/YYYY'));
INSERT INTO WAITER (WAITER_ID, WAITER_NAME, WAITER_PHONE_NUMBER, WAITER_DATE_OF_BIRTH) VALUES(17, 'Mustafa Cetin', '0504-444-44-43', TO_DATE('05/15/1996', 'MM/DD/YYYY'));
INSERT INTO WAITER (WAITER_ID, WAITER_NAME, WAITER_PHONE_NUMBER, WAITER_DATE_OF_BIRTH) VALUES(18, 'Lionel Messi', '0531-983-25-42', TO_DATE('12/24/2000', 'MM/DD/YYYY'));
INSERT INTO WAITER (WAITER_ID, WAITER_NAME, WAITER_PHONE_NUMBER, WAITER_DATE_OF_BIRTH) VALUES(19, 'Gencay Turgut', '0532-983-25-42', TO_DATE('01/01/2000', 'MM/DD/YYYY'));
INSERT INTO WAITER (WAITER_ID, WAITER_NAME, WAITER_PHONE_NUMBER, WAITER_DATE_OF_BIRTH) VALUES(20, 'Enner Valencia', '0533-983-25-42', TO_DATE('12/24/2000', 'MM/DD/YYYY'));




INSERT INTO TABLE_ (TABLE_ID, TABLE_SIZE, TABLE_FLOOR, TABLE_LOCATION, WAITER_ID) VALUES(1, 4, 1, 'inside', 1);
INSERT INTO TABLE_ (TABLE_ID, TABLE_SIZE, TABLE_FLOOR, TABLE_LOCATION, WAITER_ID) VALUES(2, 4, 1, 'inside', 2);
INSERT INTO TABLE_ (TABLE_ID, TABLE_SIZE, TABLE_FLOOR, TABLE_LOCATION, WAITER_ID) VALUES(3, 4, 1, 'inside', 3);
INSERT INTO TABLE_ (TABLE_ID, TABLE_SIZE, TABLE_FLOOR, TABLE_LOCATION, WAITER_ID) VALUES(4, 4, 1, 'inside', 4);
INSERT INTO TABLE_ (TABLE_ID, TABLE_SIZE, TABLE_FLOOR, TABLE_LOCATION, WAITER_ID) VALUES(5, 4, 1, 'terrace', 1);
INSERT INTO TABLE_ (TABLE_ID, TABLE_SIZE, TABLE_FLOOR, TABLE_LOCATION, WAITER_ID) VALUES(6, 4, 1, 'terrace', 2);
INSERT INTO TABLE_ (TABLE_ID, TABLE_SIZE, TABLE_FLOOR, TABLE_LOCATION, WAITER_ID) VALUES(7, 4, 1, 'terrace', 3);
INSERT INTO TABLE_ (TABLE_ID, TABLE_SIZE, TABLE_FLOOR, TABLE_LOCATION, WAITER_ID) VALUES(8, 4, 1, 'terrace', 4);
INSERT INTO TABLE_ (TABLE_ID, TABLE_SIZE, TABLE_FLOOR, TABLE_LOCATION, WAITER_ID) VALUES(9, 4, 2, 'garden', 1);
INSERT INTO TABLE_ (TABLE_ID, TABLE_SIZE, TABLE_FLOOR, TABLE_LOCATION, WAITER_ID) VALUES(10, 4, 2, 'garden', 2);
INSERT INTO TABLE_ (TABLE_ID, TABLE_SIZE, TABLE_FLOOR, TABLE_LOCATION, WAITER_ID) VALUES(11, 4, 2, 'garden', 3);
INSERT INTO TABLE_ (TABLE_ID, TABLE_SIZE, TABLE_FLOOR, TABLE_LOCATION, WAITER_ID) VALUES(12, 4, 2, 'garden', 4);
INSERT INTO TABLE_ (TABLE_ID, TABLE_SIZE, TABLE_FLOOR, TABLE_LOCATION, WAITER_ID) VALUES(13, 2, 0, 'inside', 13);
INSERT INTO TABLE_ (TABLE_ID, TABLE_SIZE, TABLE_FLOOR, TABLE_LOCATION, WAITER_ID) VALUES(14, 8, 1, 'terrace', 14);
INSERT INTO TABLE_ (TABLE_ID, TABLE_SIZE, TABLE_FLOOR, TABLE_LOCATION, WAITER_ID) VALUES(15, 10, 2, 'garden', 15);
INSERT INTO TABLE_ (TABLE_ID, TABLE_SIZE, TABLE_FLOOR, TABLE_LOCATION, WAITER_ID) VALUES(16, 4, 3, 'inside', 16);
INSERT INTO TABLE_ (TABLE_ID, TABLE_SIZE, TABLE_FLOOR, TABLE_LOCATION, WAITER_ID) VALUES(17, 6, 4, 'terrace', 17);
INSERT INTO TABLE_ (TABLE_ID, TABLE_SIZE, TABLE_FLOOR, TABLE_LOCATION, WAITER_ID) VALUES(18, 2, 5, 'garden', 18);
INSERT INTO TABLE_ (TABLE_ID, TABLE_SIZE, TABLE_FLOOR, TABLE_LOCATION, WAITER_ID) VALUES(19, 8, 0, 'inside', 19);
INSERT INTO TABLE_ (TABLE_ID, TABLE_SIZE, TABLE_FLOOR, TABLE_LOCATION, WAITER_ID) VALUES(20, 10, 1, 'terrace', 20);


INSERT INTO SUPPLIER (SUPPLIER_NAME, SUPPLIER_TELEPHONE_NUMBER) VALUES('Galata Greengrocer', '0531-430-23-22'); 
INSERT INTO SUPPLIER (SUPPLIER_NAME, SUPPLIER_TELEPHONE_NUMBER) VALUES('Liman Butcher', '0521-123-12-34');    
INSERT INTO SUPPLIER (SUPPLIER_NAME, SUPPLIER_TELEPHONE_NUMBER) VALUES('Miran Market', '0523-342-23-23');     
INSERT INTO SUPPLIER (SUPPLIER_NAME, SUPPLIER_TELEPHONE_NUMBER) VALUES('John Butcher','0531-233-23-12');     
INSERT INTO SUPPLIER (SUPPLIER_NAME, SUPPLIER_TELEPHONE_NUMBER) VALUES('Divan Greengrocer', '0532-234-23-12'); 
INSERT INTO SUPPLIER (SUPPLIER_NAME, SUPPLIER_TELEPHONE_NUMBER) VALUES('Last Butcher','0521-231-34-23');   
INSERT INTO SUPPLIER (SUPPLIER_NAME, SUPPLIER_TELEPHONE_NUMBER) VALUES('Lokal Market', '0521-212-23-21');   
INSERT INTO SUPPLIER (SUPPLIER_NAME, SUPPLIER_TELEPHONE_NUMBER) VALUES('Hanedan Greengrocer','0521-212-23-34');  
INSERT INTO SUPPLIER (SUPPLIER_NAME, SUPPLIER_TELEPHONE_NUMBER) VALUES('Garden Fisherman','0512-232-34-35'); 
INSERT INTO SUPPLIER (SUPPLIER_NAME, SUPPLIER_TELEPHONE_NUMBER) VALUES('Ehli Keyf Butcher','0521-231-21-21'); 
INSERT INTO SUPPLIER (SUPPLIER_NAME, SUPPLIER_TELEPHONE_NUMBER) VALUES('Mozart Market', '0521-231-23-33'); 
INSERT INTO SUPPLIER (SUPPLIER_NAME, SUPPLIER_TELEPHONE_NUMBER) VALUES('Poika Greengrocer', '0554-234-23-56'); 
INSERT INTO SUPPLIER (SUPPLIER_NAME, SUPPLIER_TELEPHONE_NUMBER) VALUES('Harap Grocer','0512-352-54-23' ); 
INSERT INTO SUPPLIER (SUPPLIER_NAME, SUPPLIER_TELEPHONE_NUMBER) VALUES('DUrbUn Greengrocer','0512-231-56-35'); 
INSERT INTO SUPPLIER (SUPPLIER_NAME, SUPPLIER_TELEPHONE_NUMBER) VALUES('Rainbow Market','0532-343-23-54'); 
INSERT INTO SUPPLIER (SUPPLIER_NAME, SUPPLIER_TELEPHONE_NUMBER) VALUES('Meze Butcher', '0542-234-54-33'); 
INSERT INTO SUPPLIER (SUPPLIER_NAME, SUPPLIER_TELEPHONE_NUMBER) VALUES('Esmer Fisherman','0523-345-56-34'); 
INSERT INTO SUPPLIER (SUPPLIER_NAME, SUPPLIER_TELEPHONE_NUMBER) VALUES('Mundo Grocer', '0526-543-45-32'); 
INSERT INTO SUPPLIER (SUPPLIER_NAME, SUPPLIER_TELEPHONE_NUMBER) VALUES('Evvela Market','0523-343-23-34'); 
INSERT INTO SUPPLIER (SUPPLIER_NAME, SUPPLIER_TELEPHONE_NUMBER) VALUES('Miraz Butcher','0532-231-54-67'); 










INSERT INTO INGREDIENT (INGREDIENT_NAME,SUPPLIER_ID) VALUES ('Fish',9);     
INSERT INTO INGREDIENT (INGREDIENT_NAME,SUPPLIER_ID) VALUES ('Olive',3);   
INSERT INTO INGREDIENT (INGREDIENT_NAME,SUPPLIER_ID) VALUES ('Salt',7);     
INSERT INTO INGREDIENT (INGREDIENT_NAME,SUPPLIER_ID) VALUES ('Oil',13);      
INSERT INTO INGREDIENT (INGREDIENT_NAME,SUPPLIER_ID) VALUES ('Potatoes',8); 
INSERT INTO INGREDIENT (INGREDIENT_NAME,SUPPLIER_ID) VALUES ('Beef',6);     
INSERT INTO INGREDIENT (INGREDIENT_NAME,SUPPLIER_ID) VALUES ('Carrots',14);  
INSERT INTO INGREDIENT (INGREDIENT_NAME,SUPPLIER_ID) VALUES ('Onions',5);   
INSERT INTO INGREDIENT (INGREDIENT_NAME,SUPPLIER_ID) VALUES ('Parsnips',1); 
INSERT INTO INGREDIENT (INGREDIENT_NAME,SUPPLIER_ID) VALUES ('Sausages',10); 
INSERT INTO INGREDIENT (INGREDIENT_NAME,SUPPLIER_ID) VALUES ('Flour',19);    
INSERT INTO INGREDIENT (INGREDIENT_NAME,SUPPLIER_ID) VALUES ('Eggs',13);     
INSERT INTO INGREDIENT (INGREDIENT_NAME,SUPPLIER_ID) VALUES ('Milk',13);     
INSERT INTO INGREDIENT (INGREDIENT_NAME,SUPPLIER_ID) VALUES ('Mincemeat',6); 
INSERT INTO INGREDIENT (INGREDIENT_NAME,SUPPLIER_ID) VALUES ('Butter',18);    
INSERT INTO INGREDIENT (INGREDIENT_NAME,SUPPLIER_ID) VALUES ('Cheese',19);    
INSERT INTO INGREDIENT (INGREDIENT_NAME,SUPPLIER_ID) VALUES ('Pickles',14);   
INSERT INTO INGREDIENT (INGREDIENT_NAME,SUPPLIER_ID) VALUES ('Bread',18);     
INSERT INTO INGREDIENT (INGREDIENT_NAME,SUPPLIER_ID) VALUES ('Beef Fillet',10); 
INSERT INTO INGREDIENT (INGREDIENT_NAME,SUPPLIER_ID) VALUES ('pâté',6);    
INSERT INTO INGREDIENT (INGREDIENT_NAME,SUPPLIER_ID) VALUES ('duxelles',7); 
INSERT INTO INGREDIENT (INGREDIENT_NAME,SUPPLIER_ID) VALUES ('Puff Pastry',15); 
INSERT INTO INGREDIENT (INGREDIENT_NAME,SUPPLIER_ID) VALUES ('Meringue',7); 
INSERT INTO INGREDIENT (INGREDIENT_NAME,SUPPLIER_ID) VALUES ('Cream',7);   
INSERT INTO INGREDIENT (INGREDIENT_NAME,SUPPLIER_ID) VALUES ('Strawberries',5); 
INSERT INTO INGREDIENT (INGREDIENT_NAME,SUPPLIER_ID) VALUES ('Kidneys',6); 
INSERT INTO INGREDIENT (INGREDIENT_NAME,SUPPLIER_ID) VALUES ('Pastry',18); 
INSERT INTO INGREDIENT (INGREDIENT_NAME,SUPPLIER_ID) VALUES ('Gravy',18); 
INSERT INTO INGREDIENT (INGREDIENT_NAME,SUPPLIER_ID) VALUES ('Yorkshire pudding',13); 
INSERT INTO INGREDIENT (INGREDIENT_NAME,SUPPLIER_ID) VALUES ('Cup Milk',13); 
INSERT INTO INGREDIENT (INGREDIENT_NAME,SUPPLIER_ID) VALUES ('Baking Powder',13); 
INSERT INTO INGREDIENT (INGREDIENT_NAME,SUPPLIER_ID) VALUES ('Baking Soda',13); 
INSERT INTO INGREDIENT (INGREDIENT_NAME,SUPPLIER_ID) VALUES ('Steak',6); 
INSERT INTO INGREDIENT (INGREDIENT_NAME,SUPPLIER_ID) VALUES ('Sugar',13); 
INSERT INTO INGREDIENT (INGREDIENT_NAME,SUPPLIER_ID) VALUES ('Cocoa Powder',13); 






INSERT INTO PRODUCT (PRODUCT_COST, PRODUCT_PRICE, PRODUCT_DESCRIPTION, PRODUCT_TYPE)VALUES(50, 60, 'Fish and chips: Fried fish and chips served with tartar sauce.', 'food');
INSERT INTO PRODUCT (PRODUCT_COST, PRODUCT_PRICE, PRODUCT_DESCRIPTION, PRODUCT_TYPE)VALUES(25, 30, 'Roast beef: Roasted beef served with roast potatoes and vegetables.', 'food');
INSERT INTO PRODUCT (PRODUCT_COST, PRODUCT_PRICE, PRODUCT_DESCRIPTION, PRODUCT_TYPE)VALUES(10, 15, 'Tea: A hot beverage made by infusing the dried leaves of the tea plant in hot water.', 'beverage');
INSERT INTO PRODUCT (PRODUCT_COST, PRODUCT_PRICE, PRODUCT_DESCRIPTION, PRODUCT_TYPE)VALUES(30, 35, 'Bangers and mash: Sausages served with mashed potatoes.', 'food');
INSERT INTO PRODUCT (PRODUCT_COST, PRODUCT_PRICE, PRODUCT_DESCRIPTION, PRODUCT_TYPE)VALUES(45, 50, 'Toad in the hole: Sausages baked in a batter mixture and served with gravy.', 'food');
INSERT INTO PRODUCT (PRODUCT_COST, PRODUCT_PRICE, PRODUCT_DESCRIPTION, PRODUCT_TYPE)VALUES(20, 25, 'Coffee: A hot beverage made by brewing roasted and ground coffee beans.', 'beverage');
INSERT INTO PRODUCT (PRODUCT_COST, PRODUCT_PRICE, PRODUCT_DESCRIPTION, PRODUCT_TYPE)VALUES(35, 40, 'Shepherd`s pie: Mincemeat topped with mashed potatoes and baked.', 'food');
INSERT INTO PRODUCT (PRODUCT_COST, PRODUCT_PRICE, PRODUCT_DESCRIPTION, PRODUCT_TYPE)VALUES(40, 45, 'Ploughmans lunch: A British cold meal consisting of cheese, pickles, and bread.', 'food');
INSERT INTO PRODUCT (PRODUCT_COST, PRODUCT_PRICE, PRODUCT_DESCRIPTION, PRODUCT_TYPE)VALUES(15, 20, 'Soda: A sweet, carbonated drink.', 'beverage');
INSERT INTO PRODUCT (PRODUCT_COST, PRODUCT_PRICE, PRODUCT_DESCRIPTION, PRODUCT_TYPE)VALUES(55, 60, 'Beef Wellington: Beef fillet coated in pâté and duxelles, wrapped in puff pastry, and baked.', 'food');
INSERT INTO PRODUCT (PRODUCT_COST, PRODUCT_PRICE, PRODUCT_DESCRIPTION, PRODUCT_TYPE)VALUES(30, 35, 'Eton mess: A dessert made with meringue, whipped cream, and fruit.', 'food');
INSERT INTO PRODUCT (PRODUCT_COST, PRODUCT_PRICE, PRODUCT_DESCRIPTION, PRODUCT_TYPE)VALUES(50, 55, 'Steak and kidney pie: A pie filled with steak and kidneys in gravy.', 'food');
INSERT INTO PRODUCT (PRODUCT_COST, PRODUCT_PRICE, PRODUCT_DESCRIPTION, PRODUCT_TYPE)VALUES(25, 30, 'Yorkshire pudding: A savory puff pastry made from a batter of eggs, flour, and milk.', 'food');
INSERT INTO PRODUCT (PRODUCT_COST, PRODUCT_PRICE, PRODUCT_DESCRIPTION, PRODUCT_TYPE)VALUES(10, 15, 'Water: A clear, tasteless, odorless, and nearly colorless liquid.', 'beverage');
INSERT INTO PRODUCT (PRODUCT_COST, PRODUCT_PRICE, PRODUCT_DESCRIPTION, PRODUCT_TYPE)VALUES(35, 40, 'Toad in the hole: Sausages baked in a batter mixture and served with gravy.', 'food');
INSERT INTO PRODUCT (PRODUCT_COST, PRODUCT_PRICE, PRODUCT_DESCRIPTION, PRODUCT_TYPE)VALUES(40, 45, 'Roast beef and Yorkshire pudding: Roasted beef served with roast potatoes, vegetables, and Yorkshire pudding.', 'food');
INSERT INTO PRODUCT (PRODUCT_COST, PRODUCT_PRICE, PRODUCT_DESCRIPTION, PRODUCT_TYPE)VALUES(15, 20, 'Cola: A sweet, carbonated drink flavored with cola nuts.', 'beverage');
INSERT INTO PRODUCT (PRODUCT_COST, PRODUCT_PRICE, PRODUCT_DESCRIPTION, PRODUCT_TYPE)VALUES(10, 15, 'Strawberry Shortcake: A sweet, fluffy cake topped.', 'food');
INSERT INTO PRODUCT (PRODUCT_COST, PRODUCT_PRICE, PRODUCT_DESCRIPTION, PRODUCT_TYPE)VALUES(30, 35, 'Eton mess: A dessert made with meringue, whipped cream, and fruit.', 'food');
INSERT INTO PRODUCT (PRODUCT_COST, PRODUCT_PRICE, PRODUCT_DESCRIPTION, PRODUCT_TYPE)VALUES (10, 20, 'Chocolate Cake - a sweet, moist cake made with cocoa powder and chocolate chips, and topped with a rich chocolate frosting.', 'food');



INSERT INTO FOOD_INGREDIENT (FOOD_ID, INGREDIENT_ID) VALUES (1, 1);
INSERT INTO FOOD_INGREDIENT (FOOD_ID, INGREDIENT_ID) VALUES (1, 11);
INSERT INTO FOOD_INGREDIENT (FOOD_ID, INGREDIENT_ID) VALUES (1, 3);
INSERT INTO FOOD_INGREDIENT (FOOD_ID, INGREDIENT_ID) VALUES (1, 4);
INSERT INTO FOOD_INGREDIENT (FOOD_ID, INGREDIENT_ID) VALUES (1, 5);
INSERT INTO FOOD_INGREDIENT (FOOD_ID, INGREDIENT_ID) VALUES (2, 5);
INSERT INTO FOOD_INGREDIENT (FOOD_ID, INGREDIENT_ID) VALUES (2, 6);
INSERT INTO FOOD_INGREDIENT (FOOD_ID, INGREDIENT_ID) VALUES (2, 7);
INSERT INTO FOOD_INGREDIENT (FOOD_ID, INGREDIENT_ID) VALUES (2, 8);
INSERT INTO FOOD_INGREDIENT (FOOD_ID, INGREDIENT_ID) VALUES (2, 9);
INSERT INTO FOOD_INGREDIENT (FOOD_ID, INGREDIENT_ID) VALUES (4, 5);
INSERT INTO FOOD_INGREDIENT (FOOD_ID, INGREDIENT_ID) VALUES (4, 10);
INSERT INTO FOOD_INGREDIENT (FOOD_ID, INGREDIENT_ID) VALUES (4, 13);
INSERT INTO FOOD_INGREDIENT (FOOD_ID, INGREDIENT_ID) VALUES (4, 15);
INSERT INTO FOOD_INGREDIENT (FOOD_ID, INGREDIENT_ID) VALUES (5, 10);
INSERT INTO FOOD_INGREDIENT (FOOD_ID, INGREDIENT_ID) VALUES (5, 11);
INSERT INTO FOOD_INGREDIENT (FOOD_ID, INGREDIENT_ID) VALUES (5, 12);
INSERT INTO FOOD_INGREDIENT (FOOD_ID, INGREDIENT_ID) VALUES (5, 13);
INSERT INTO FOOD_INGREDIENT (FOOD_ID, INGREDIENT_ID) VALUES (7, 5);
INSERT INTO FOOD_INGREDIENT (FOOD_ID, INGREDIENT_ID) VALUES (7, 14);
INSERT INTO FOOD_INGREDIENT (FOOD_ID, INGREDIENT_ID) VALUES (7, 13);
INSERT INTO FOOD_INGREDIENT (FOOD_ID, INGREDIENT_ID) VALUES (7, 15);
INSERT INTO FOOD_INGREDIENT (FOOD_ID, INGREDIENT_ID) VALUES (8, 16);
INSERT INTO FOOD_INGREDIENT (FOOD_ID, INGREDIENT_ID) VALUES (8, 17);
INSERT INTO FOOD_INGREDIENT (FOOD_ID, INGREDIENT_ID) VALUES (8, 18);
INSERT INTO FOOD_INGREDIENT (FOOD_ID, INGREDIENT_ID) VALUES (10, 19);
INSERT INTO FOOD_INGREDIENT (FOOD_ID, INGREDIENT_ID) VALUES (10, 20);
INSERT INTO FOOD_INGREDIENT (FOOD_ID, INGREDIENT_ID) VALUES (10, 21);
INSERT INTO FOOD_INGREDIENT (FOOD_ID, INGREDIENT_ID) VALUES (10, 22);
INSERT INTO FOOD_INGREDIENT (FOOD_ID, INGREDIENT_ID) VALUES (11, 24);
INSERT INTO FOOD_INGREDIENT (FOOD_ID, INGREDIENT_ID) VALUES (11, 25);
INSERT INTO FOOD_INGREDIENT (FOOD_ID, INGREDIENT_ID) VALUES (11, 23);
INSERT INTO FOOD_INGREDIENT (FOOD_ID, INGREDIENT_ID) VALUES (12, 26);
INSERT INTO FOOD_INGREDIENT (FOOD_ID, INGREDIENT_ID) VALUES (12, 27);
INSERT INTO FOOD_INGREDIENT (FOOD_ID, INGREDIENT_ID) VALUES (12, 33);
INSERT INTO FOOD_INGREDIENT (FOOD_ID, INGREDIENT_ID) VALUES (13, 11);
INSERT INTO FOOD_INGREDIENT (FOOD_ID, INGREDIENT_ID) VALUES (13, 12);
INSERT INTO FOOD_INGREDIENT (FOOD_ID, INGREDIENT_ID) VALUES (13, 13);
INSERT INTO FOOD_INGREDIENT (FOOD_ID, INGREDIENT_ID) VALUES (15, 10);
INSERT INTO FOOD_INGREDIENT (FOOD_ID, INGREDIENT_ID) VALUES (15, 11);
INSERT INTO FOOD_INGREDIENT (FOOD_ID, INGREDIENT_ID) VALUES (15, 12);
INSERT INTO FOOD_INGREDIENT (FOOD_ID, INGREDIENT_ID) VALUES (15, 13);
INSERT INTO FOOD_INGREDIENT (FOOD_ID, INGREDIENT_ID) VALUES (16, 5);
INSERT INTO FOOD_INGREDIENT (FOOD_ID, INGREDIENT_ID) VALUES (16, 6);
INSERT INTO FOOD_INGREDIENT (FOOD_ID, INGREDIENT_ID) VALUES (16, 7);
INSERT INTO FOOD_INGREDIENT (FOOD_ID, INGREDIENT_ID) VALUES (16, 8);
INSERT INTO FOOD_INGREDIENT (FOOD_ID, INGREDIENT_ID) VALUES (16, 29);
INSERT INTO FOOD_INGREDIENT (FOOD_ID, INGREDIENT_ID) VALUES (18, 11);
INSERT INTO FOOD_INGREDIENT (FOOD_ID, INGREDIENT_ID) VALUES (18, 25);
INSERT INTO FOOD_INGREDIENT (FOOD_ID, INGREDIENT_ID) VALUES (18, 34);
INSERT INTO FOOD_INGREDIENT (FOOD_ID, INGREDIENT_ID) VALUES (18, 35);
INSERT INTO FOOD_INGREDIENT (FOOD_ID, INGREDIENT_ID) VALUES (19, 23);
INSERT INTO FOOD_INGREDIENT (FOOD_ID, INGREDIENT_ID) VALUES (19, 24);
INSERT INTO FOOD_INGREDIENT (FOOD_ID, INGREDIENT_ID) VALUES (19, 25);
INSERT INTO FOOD_INGREDIENT (FOOD_ID, INGREDIENT_ID) VALUES (20, 11);
INSERT INTO FOOD_INGREDIENT (FOOD_ID, INGREDIENT_ID) VALUES (20, 4);
INSERT INTO FOOD_INGREDIENT (FOOD_ID, INGREDIENT_ID) VALUES (20, 34);
INSERT INTO FOOD_INGREDIENT (FOOD_ID, INGREDIENT_ID) VALUES (20, 35);
INSERT INTO FOOD_INGREDIENT (FOOD_ID, INGREDIENT_ID) VALUES (20, 31);
INSERT INTO FOOD_INGREDIENT (FOOD_ID, INGREDIENT_ID) VALUES (20, 12);
INSERT INTO FOOD_INGREDIENT (FOOD_ID, INGREDIENT_ID) VALUES (20, 30);
INSERT INTO FOOD_INGREDIENT (FOOD_ID, INGREDIENT_ID) VALUES (20, 32);
















INSERT INTO RESERVATION (RESERVATION_ID, RESERVATION_CUSTOMER_NAME, RESERVATION_TIME, TABLE_ID,RESERVATION_PHONE_NUMBER) VALUES(1,'Ramiz Karaeski', TO_TIMESTAMP('01-JAN-2022 12:30', 'DD-MON-YYYY HH24:MI'), 1, '533-555-55-55');
INSERT INTO RESERVATION (RESERVATION_ID, RESERVATION_CUSTOMER_NAME, RESERVATION_TIME, TABLE_ID,RESERVATION_PHONE_NUMBER) VALUES(2,'Ezel Bayraktar', TO_TIMESTAMP('09-FEB-2022 09:50', 'DD-MON-YYYY HH24:MI'), 2, '534-534-53-53');
INSERT INTO RESERVATION (RESERVATION_ID, RESERVATION_CUSTOMER_NAME, RESERVATION_TIME, TABLE_ID,RESERVATION_PHONE_NUMBER) VALUES(3,'Ali Kirgiz' ,TO_TIMESTAMP('21-APR-2022 23:00', 'DD-MON-YYYY HH24:MI'), 3, '578-578-57-57');
INSERT INTO RESERVATION (RESERVATION_ID, RESERVATION_CUSTOMER_NAME, RESERVATION_TIME, TABLE_ID,RESERVATION_PHONE_NUMBER) VALUES(4,'Cengiz Atay',TO_TIMESTAMP('14-MAR-2022 00:00', 'DD-MON-YYYY HH24:MI'), 4, '543-543-54-54');
INSERT INTO RESERVATION (RESERVATION_ID, RESERVATION_CUSTOMER_NAME, RESERVATION_TIME, TABLE_ID,RESERVATION_PHONE_NUMBER) VALUES(5,'Mehmet Yilmaz',TO_TIMESTAMP('13-MAY-2022 15:24', 'DD-MON-YYYY HH24:MI'), 5, '555-888-70-60');
INSERT INTO RESERVATION (RESERVATION_ID, RESERVATION_CUSTOMER_NAME, RESERVATION_TIME, TABLE_ID,RESERVATION_PHONE_NUMBER) VALUES(6,'Ahmet Ozturk',TO_TIMESTAMP('18-DEC-2022 13:34', 'DD-MON-YYYY HH24:MI'), 6, '555-888-70-67');
INSERT INTO RESERVATION (RESERVATION_ID, RESERVATION_CUSTOMER_NAME, RESERVATION_TIME, TABLE_ID,RESERVATION_PHONE_NUMBER) VALUES(7,'Melek Günes',TO_TIMESTAMP('12-JAN-2022 23:02', 'DD-MON-YYYY HH24:MI'), 7, '555-888-70-68');
INSERT INTO RESERVATION (RESERVATION_ID, RESERVATION_CUSTOMER_NAME, RESERVATION_TIME, TABLE_ID,RESERVATION_PHONE_NUMBER) VALUES(8,'Ali Yilmaz',TO_TIMESTAMP('08-FEB-2022 11:30', 'DD-MON-YYYY HH24:MI'), 8, '555-888-70-69');
INSERT INTO RESERVATION (RESERVATION_ID, RESERVATION_CUSTOMER_NAME, RESERVATION_TIME, TABLE_ID,RESERVATION_PHONE_NUMBER) VALUES(9,'Cemal Kaya',TO_TIMESTAMP('22-APR-2022 21:43', 'DD-MON-YYYY HH24:MI'), 9, '555-888-70-70');
INSERT INTO RESERVATION (RESERVATION_ID, RESERVATION_CUSTOMER_NAME, RESERVATION_TIME, TABLE_ID,RESERVATION_PHONE_NUMBER) VALUES(10,'Elif Demir',TO_TIMESTAMP('18-MAY-2022 19:32', 'DD-MON-YYYY HH24:MI'), 10, '555-888-70-71');
INSERT INTO RESERVATION (RESERVATION_ID, RESERVATION_CUSTOMER_NAME, RESERVATION_TIME, TABLE_ID,RESERVATION_PHONE_NUMBER) VALUES(11,'Can Yilmaz',TO_TIMESTAMP('13-APR-2022 14:23', 'DD-MON-YYYY HH24:MI'), 11, '555-888-70-72');
INSERT INTO RESERVATION (RESERVATION_ID, RESERVATION_CUSTOMER_NAME, RESERVATION_TIME, TABLE_ID,RESERVATION_PHONE_NUMBER) VALUES(12,'Burak Arslan',TO_TIMESTAMP('02-FEB-2022 11:35', 'DD-MON-YYYY HH24:MI'), 12, '555-888-70-73');
INSERT INTO RESERVATION (RESERVATION_ID, RESERVATION_CUSTOMER_NAME, RESERVATION_TIME, TABLE_ID,RESERVATION_PHONE_NUMBER) VALUES(13,'Salih Yilmaz',TO_TIMESTAMP('04-OCT-2022 16:23', 'DD-MON-YYYY HH24:MI'), 13, '555-888-70-74');
INSERT INTO RESERVATION (RESERVATION_ID, RESERVATION_CUSTOMER_NAME, RESERVATION_TIME, TABLE_ID,RESERVATION_PHONE_NUMBER) VALUES(14,'Nazli Çetin',TO_TIMESTAMP('26-NOV-2022 18:11', 'DD-MON-YYYY HH24:MI'), 14, '555-888-70-75');
INSERT INTO RESERVATION (RESERVATION_ID, RESERVATION_CUSTOMER_NAME, RESERVATION_TIME, TABLE_ID,RESERVATION_PHONE_NUMBER) VALUES(15,'Omer Faruk Bas',TO_TIMESTAMP('22-JAN-2022 09:45', 'DD-MON-YYYY HH24:MI'), 15, '555-888-70-76');
INSERT INTO RESERVATION (RESERVATION_ID, RESERVATION_CUSTOMER_NAME, RESERVATION_TIME, TABLE_ID,RESERVATION_PHONE_NUMBER) VALUES(16,'Selin Karaca',TO_TIMESTAMP('10-AUG-2022 17:20', 'DD-MON-YYYY HH24:MI'), 16, '555-888-70-77');
INSERT INTO RESERVATION (RESERVATION_ID, RESERVATION_CUSTOMER_NAME, RESERVATION_TIME, TABLE_ID,RESERVATION_PHONE_NUMBER) VALUES(17,'Emir Ozturk',TO_TIMESTAMP('23-MAY-2022 10:02', 'DD-MON-YYYY HH24:MI'), 17, '555-888-70-78');
INSERT INTO RESERVATION (RESERVATION_ID, RESERVATION_CUSTOMER_NAME, RESERVATION_TIME, TABLE_ID,RESERVATION_PHONE_NUMBER) VALUES(18,'Aslihan Eren',TO_TIMESTAMP('22-APR-2022 11:40', 'DD-MON-YYYY HH24:MI'), 18, '555-888-70-79');
INSERT INTO RESERVATION (RESERVATION_ID, RESERVATION_CUSTOMER_NAME, RESERVATION_TIME, TABLE_ID,RESERVATION_PHONE_NUMBER) VALUES(19,'Salih Duman',TO_TIMESTAMP('03-NOV-2022 13:20', 'DD-MON-YYYY HH24:MI'), 19, '555-888-70-80');
INSERT INTO RESERVATION (RESERVATION_ID, RESERVATION_CUSTOMER_NAME, RESERVATION_TIME, TABLE_ID,RESERVATION_PHONE_NUMBER) VALUES(20,'Melike Ozturk',TO_TIMESTAMP('01-MAR-2022 16:04', 'DD-MON-YYYY HH24:MI'), 20, '555-888-70-81');






INSERT INTO ORDER_ (ORDER_ID, ORDER_DATE, TABLE_ID) VALUES(1,  TO_TIMESTAMP('01-JAN-2022 21:00', 'DD-MON-YYYY HH24:MI'),1);
INSERT INTO ORDER_ (ORDER_ID, ORDER_DATE, TABLE_ID) VALUES(2,  TO_TIMESTAMP('01-JAN-2022 20:00', 'DD-MON-YYYY HH24:MI'),2);
INSERT INTO ORDER_ (ORDER_ID, ORDER_DATE, TABLE_ID) VALUES(3,  TO_TIMESTAMP('01-JAN-2022 23:00', 'DD-MON-YYYY HH24:MI'),3);
INSERT INTO ORDER_ (ORDER_ID, ORDER_DATE, TABLE_ID) VALUES(4,  TO_TIMESTAMP('01-JAN-2022 00:00', 'DD-MON-YYYY HH24:MI'),4);
INSERT INTO ORDER_ (ORDER_ID, ORDER_DATE, TABLE_ID) VALUES(5,  TO_TIMESTAMP('01-JAN-2022 22:00', 'DD-MON-YYYY HH24:MI'),5);
INSERT INTO ORDER_ (ORDER_ID, ORDER_DATE, TABLE_ID) VALUES(6,  TO_TIMESTAMP('01-JAN-2022 21:00', 'DD-MON-YYYY HH24:MI'),6);
INSERT INTO ORDER_ (ORDER_ID, ORDER_DATE, TABLE_ID) VALUES(7,  TO_TIMESTAMP('01-JAN-2022 20:00', 'DD-MON-YYYY HH24:MI'),7);
INSERT INTO ORDER_ (ORDER_ID, ORDER_DATE, TABLE_ID) VALUES(8,  TO_TIMESTAMP('01-JAN-2022 23:00', 'DD-MON-YYYY HH24:MI'),8);
INSERT INTO ORDER_ (ORDER_ID, ORDER_DATE, TABLE_ID) VALUES(9,  TO_TIMESTAMP('01-JAN-2022 00:00', 'DD-MON-YYYY HH24:MI'),9);
INSERT INTO ORDER_ (ORDER_ID, ORDER_DATE, TABLE_ID) VALUES(10, TO_TIMESTAMP('01-JAN-2022 22:00', 'DD-MON-YYYY HH24:MI'),10);
INSERT INTO ORDER_ (ORDER_ID, ORDER_DATE, TABLE_ID) VALUES(11, TO_TIMESTAMP('01-JAN-2022 21:00', 'DD-MON-YYYY HH24:MI'),11);
INSERT INTO ORDER_ (ORDER_ID, ORDER_DATE, TABLE_ID) VALUES(12, TO_TIMESTAMP('01-JAN-2022 20:00', 'DD-MON-YYYY HH24:MI'),12);
INSERT INTO ORDER_ (ORDER_ID, ORDER_DATE, TABLE_ID) VALUES(13, TO_TIMESTAMP('01-JAN-2022 23:00', 'DD-MON-YYYY HH24:MI'),13);
INSERT INTO ORDER_ (ORDER_ID, ORDER_DATE, TABLE_ID) VALUES(14, TO_TIMESTAMP('01-JAN-2022 00:00', 'DD-MON-YYYY HH24:MI'),14);
INSERT INTO ORDER_ (ORDER_ID, ORDER_DATE, TABLE_ID) VALUES(15, TO_TIMESTAMP('01-JAN-2022 22:00', 'DD-MON-YYYY HH24:MI'),15);
INSERT INTO ORDER_ (ORDER_ID, ORDER_DATE, TABLE_ID) VALUES(16, TO_TIMESTAMP('01-JAN-2022 21:00', 'DD-MON-YYYY HH24:MI'),16);
INSERT INTO ORDER_ (ORDER_ID, ORDER_DATE, TABLE_ID) VALUES(17, TO_TIMESTAMP('01-JAN-2022 20:00', 'DD-MON-YYYY HH24:MI'),17);
INSERT INTO ORDER_ (ORDER_ID, ORDER_DATE, TABLE_ID) VALUES(18, TO_TIMESTAMP('01-JAN-2022 23:00', 'DD-MON-YYYY HH24:MI'),18);
INSERT INTO ORDER_ (ORDER_ID, ORDER_DATE, TABLE_ID) VALUES(19, TO_TIMESTAMP('01-JAN-2022 00:00', 'DD-MON-YYYY HH24:MI'),19);
INSERT INTO ORDER_ (ORDER_ID, ORDER_DATE, TABLE_ID) VALUES(20, TO_TIMESTAMP('01-JAN-2022 22:00', 'DD-MON-YYYY HH24:MI'),20);
INSERT INTO ORDER_ (ORDER_ID, ORDER_DATE, TABLE_ID) VALUES(21, CURRENT_DATE,20);



INSERT INTO ORDER_PRODUCT (ORDER_PRODUCT_ID, ORDER_ID, PRODUCT_ID, ORDER_PRODUCT_STATUS) VALUES(1, 1, 1, 'prepared');
INSERT INTO ORDER_PRODUCT (ORDER_PRODUCT_ID, ORDER_ID, PRODUCT_ID, ORDER_PRODUCT_STATUS) VALUES(2, 1, 2, 'unprepared');
INSERT INTO ORDER_PRODUCT (ORDER_PRODUCT_ID, ORDER_ID, PRODUCT_ID, ORDER_PRODUCT_STATUS) VALUES(3, 2, 3, 'prepared');
INSERT INTO ORDER_PRODUCT (ORDER_PRODUCT_ID, ORDER_ID, PRODUCT_ID, ORDER_PRODUCT_STATUS) VALUES(4, 3, 4, 'unprepared');
INSERT INTO ORDER_PRODUCT (ORDER_PRODUCT_ID, ORDER_ID, PRODUCT_ID, ORDER_PRODUCT_STATUS) VALUES(5, 4, 5, 'prepared');
INSERT INTO ORDER_PRODUCT (ORDER_PRODUCT_ID, ORDER_ID, PRODUCT_ID, ORDER_PRODUCT_STATUS) VALUES(6, 5, 6, 'unprepared');
INSERT INTO ORDER_PRODUCT (ORDER_PRODUCT_ID, ORDER_ID, PRODUCT_ID, ORDER_PRODUCT_STATUS) VALUES(7, 6, 7, 'prepared');
INSERT INTO ORDER_PRODUCT (ORDER_PRODUCT_ID, ORDER_ID, PRODUCT_ID, ORDER_PRODUCT_STATUS) VALUES(8, 7, 8, 'unprepared');
INSERT INTO ORDER_PRODUCT (ORDER_PRODUCT_ID, ORDER_ID, PRODUCT_ID, ORDER_PRODUCT_STATUS) VALUES(9, 8, 9, 'prepared');
INSERT INTO ORDER_PRODUCT (ORDER_PRODUCT_ID, ORDER_ID, PRODUCT_ID, ORDER_PRODUCT_STATUS) VALUES(10, 9, 10, 'unprepared');
INSERT INTO ORDER_PRODUCT (ORDER_PRODUCT_ID, ORDER_ID, PRODUCT_ID, ORDER_PRODUCT_STATUS) VALUES(11, 10, 11, 'prepared');
INSERT INTO ORDER_PRODUCT (ORDER_PRODUCT_ID, ORDER_ID, PRODUCT_ID, ORDER_PRODUCT_STATUS) VALUES(12, 11, 12, 'unprepared');
INSERT INTO ORDER_PRODUCT (ORDER_PRODUCT_ID, ORDER_ID, PRODUCT_ID, ORDER_PRODUCT_STATUS) VALUES(13, 12, 13, 'prepared');
INSERT INTO ORDER_PRODUCT (ORDER_PRODUCT_ID, ORDER_ID, PRODUCT_ID, ORDER_PRODUCT_STATUS) VALUES(14, 13, 14, 'unprepared');
INSERT INTO ORDER_PRODUCT (ORDER_PRODUCT_ID, ORDER_ID, PRODUCT_ID, ORDER_PRODUCT_STATUS) VALUES(15, 14, 15, 'prepared');
INSERT INTO ORDER_PRODUCT (ORDER_PRODUCT_ID, ORDER_ID, PRODUCT_ID, ORDER_PRODUCT_STATUS) VALUES(16, 15, 16, 'unprepared');
INSERT INTO ORDER_PRODUCT (ORDER_PRODUCT_ID, ORDER_ID, PRODUCT_ID, ORDER_PRODUCT_STATUS) VALUES(17, 16, 17, 'prepared');
INSERT INTO ORDER_PRODUCT (ORDER_PRODUCT_ID, ORDER_ID, PRODUCT_ID, ORDER_PRODUCT_STATUS) VALUES(18, 17, 18, 'unprepared');
INSERT INTO ORDER_PRODUCT (ORDER_PRODUCT_ID, ORDER_ID, PRODUCT_ID, ORDER_PRODUCT_STATUS) VALUES(19, 18, 19, 'prepared');
INSERT INTO ORDER_PRODUCT (ORDER_PRODUCT_ID, ORDER_ID, PRODUCT_ID, ORDER_PRODUCT_STATUS) VALUES(20, 19, 20, 'unprepared');
